Feature ID,Category,Feature name,Customer action,Visitor experience,Business value,Exact UI path,Frontend code evidence,Backend code evidence,API endpoint,Database evidence,Analytics event,Plan gate,Usage limit,Status,Test performed,Evidence,Limitation,Safe marketing claim,Design priority
F001,Creation,Create quiz from URL (AI),Paste a website URL and pick a goal,None (owner-side),Removes blank-page problem; drafts a full quiz from the owner's own site,Dashboard > New quiz > paste URL,frontend/app/dashboard/quizzes/_components/NewQuizModal.tsx,backend/src/services/claudeService.ts; backend/src/services/brandScraper.ts,POST /api/quizzes/from-url,quizzes table (mode/questions/outcomes columns),draft_generation (planned dictionary only; not the implemented event name),All plans (rate-limited by plan),10/25/50 generations per day by plan,Verified in staging and code,Exercised live in an earlier stage of this engagement,brandScraper NOT_SQUARESPACE error implies source-site scraping is tuned to Squarespace today,"Paste your URL, get an editable draft",High
F002,Creation,Start a blank quiz,Click Start blank,None (owner-side),Fast path for an owner who already knows what they want,Dashboard > New quiz > Start blank,frontend/app/dashboard/quizzes/_components/NewQuizModal.tsx,backend/src/routes/quiz.ts,POST /api/quizzes,quizzes table,none,All plans (within quiz-count limit),Counts against plan quiz limit,Code implemented but not exposed as a distinct funnel,Code read only,None found,"Or start from a blank quiz",Low
F003,Creation,Create quiz from template,Pick a template in the New quiz modal,None (owner-side),Faster start for a known vertical use case,Dashboard > New quiz > Template picker,frontend/app/dashboard/quizzes/_components/quizTemplates.ts,backend/src/config/quizTemplates.ts,POST /api/quizzes,quizzes table,none,All plans,Counts against plan quiz limit,Verified in staging and code,Exercised live in an earlier stage (template picker visible and wired),None found,"16 ready-made templates to start from",Medium
F004,Creation,Public try-it funnel (signed out AI generation),Paste a URL on the public site before signing up,Sees a live draft quiz before creating an account,Lead generation for Squarespell itself; lowers signup friction,Public homepage / /try funnel,frontend TryFlowInner.tsx (public funnel),backend/src/routes/allRoutes.ts (preview-analyze/preview-build-quiz/preview-generate),POST /api/preview-analyze; POST /api/preview-build-quiz; POST /api/generate,preview_drafts table,site_analysis_started (planned dictionary; not confirmed as implemented event name),n/a (pre-account),75s public funnel timeout,Code implemented but not exposed to this review (public route not clicked this pass),Code read only,Draft must be claimed into an account to persist,"Try it before you sign up",Medium
F005,Creation,Claim a public draft into an account,Sign up then claim the draft quiz,None (owner-side),Converts an anonymous trial into a real account,Post-signup claim step,frontend claim flow (allRoutes.ts consumers),backend/src/routes/allRoutes.ts,POST /api/claim-quiz; POST /api/save-preview,quizzes table (ownership transfer),none,n/a,none found,Code implemented but not exposed to this review,Code read only,None found,(supporting flow, not a standalone claim),Low
F006,Creation,Duplicate an existing quiz,Click Duplicate on a quiz,None (owner-side),Reuse a working quiz as a starting point for a new one,Dashboard > Quizzes > quiz row menu,frontend/app/dashboard/quizzes/page.tsx,backend/src/routes/quiz.ts (quiz.ts:253),POST /api/quizzes/:id/duplicate (inferred route pattern),quizzes table,none,All plans,Counts against plan quiz limit,Code implemented but not exposed to this review,Code read only,None found,"Duplicate any quiz to start faster",Low
F007,Question type,Single select question,Add a Question block, choose Single select,Chooses one of several options (buttons/cards/dropdown/image),Standard qualifying question,Quiz editor > Question block,frontend/app/dashboard/_components/QuizBlockEditor.tsx,backend/src/services/questionTypes.ts,PATCH quiz questions (via quiz update route),quizzes.questions JSONB,question_answered,All plans,none,Code verified; live behaviour unverified,Code read only,None found,"Single-choice questions with four visual styles",Medium
F008,Question type,Multi select question,Add a Question block, choose Multi select,Chooses multiple options,Captures multiple needs/preferences at once,Quiz editor > Question block,frontend/app/dashboard/_components/QuizBlockEditor.tsx,backend/src/services/questionTypes.ts,PATCH quiz questions,quizzes.questions JSONB,question_answered,All plans,none,Code verified; live behaviour unverified,Code read only,None found,"Multi-select questions",Medium
F009,Question type,Slider question,Add a Question block, choose Slider,Drags to a numeric value,Captures a scaled preference (for example budget),Quiz editor > Question block,frontend/app/dashboard/_components/QuizBlockEditor.tsx,backend/src/services/questionTypes.ts,PATCH quiz questions,quizzes.questions JSONB,question_answered,All plans,none,Code verified; live behaviour unverified,Code read only,None found,"Slider questions for scaled answers",Low
F010,Question type,Rating question,Add a Question block, choose Rating,Selects a star/heart/thumb rating,Captures a satisfaction or confidence score,Quiz editor > Question block,frontend/app/dashboard/_components/QuizBlockEditor.tsx,backend/src/services/questionTypes.ts,PATCH quiz questions,quizzes.questions JSONB,question_answered,All plans,none,Code verified; live behaviour unverified,Code read only,None found,"Rating questions (star, heart or thumb)",Low
F011,Question type,Open text question (with email/url/phone/number validation),Add a Question block, choose Open text and a validation mode,Types a free-text answer, validated as email/url/phone/number if configured,One block covers text, email, phone and number capture,Quiz editor > Question block,frontend/app/dashboard/_components/QuizBlockEditor.tsx,backend/src/services/questionTypes.ts,PATCH quiz questions,quizzes.questions JSONB,question_answered,All plans,max_length configurable (default 500),Code verified; live behaviour unverified,Code read only,"There is no separate 'email question' or 'number question' type; it is one type with a validation setting","Text, email, phone or number answers in one question type",Medium
F012,Question type,Date question,Add a Question block, choose Date,Picks a date, optionally with time,Captures scheduling or timeline information,Quiz editor > Question block,frontend/app/dashboard/_components/QuizBlockEditor.tsx,backend/src/services/questionTypes.ts,PATCH quiz questions,quizzes.questions JSONB,question_answered,All plans,none,Code verified; live behaviour unverified,Code read only,None found,"Date questions",Low
F013,Question type,File upload question,Add a Question block, choose File upload,Uploads a file (PDF/image/doc by default),Captures supporting documents from the visitor,Quiz editor > Question block,frontend/app/dashboard/_components/QuizBlockEditor.tsx,backend/src/services/questionTypes.ts,POST /api/media/upload,quiz-media Supabase Storage bucket,none,All plans,5MB default, 3 files default,Code verified; live behaviour unverified,Code read only,"Upload has no content-type or size validation server-side (Phase 1 finding F07, not re-verified this pass)","File-upload questions",Low
F014,Editor block,Heading block,Drag a Heading block into the quiz,Reads a section heading,Structures the quiz visually,Quiz editor > block palette,frontend/app/dashboard/_components/QuizBlockEditor.tsx,n/a (presentation only),n/a,quizzes.questions JSONB,none,All plans,none,Code verified; live behaviour unverified,Code read only,None found,(part of the 8-block editor),Low
F015,Editor block,Text block,Drag a Text block into the quiz,Reads body copy,Adds context or instructions between questions,Quiz editor > block palette,frontend/app/dashboard/_components/QuizBlockEditor.tsx,n/a,n/a,quizzes.questions JSONB,none,All plans,none,Code verified; live behaviour unverified,Code read only,None found,(part of the 8-block editor),Low
F016,Editor block,Image block,Drag an Image block into the quiz,Sees a static image,Adds visual branding or context,Quiz editor > block palette,frontend/app/dashboard/_components/QuizBlockEditor.tsx,n/a,POST /api/media/upload,quiz-media Supabase Storage bucket,none,All plans,5MB default upload size,Code verified; live behaviour unverified,Code read only,None found,(part of the 8-block editor),Low
F017,Editor block,Divider block,Drag a Divider block into the quiz,Sees a visual break,Improves visual pacing of a long quiz,Quiz editor > block palette,frontend/app/dashboard/_components/QuizBlockEditor.tsx,n/a,n/a,quizzes.questions JSONB,none,All plans,none,Code verified; live behaviour unverified,Code read only,None found,(part of the 8-block editor),Low
F018,Editor block,Lead gate block,Place a Lead gate block before or after results,Fills in contact details (configurable fields),Converts an anonymous visitor into a named lead,Quiz editor > block palette,frontend/app/dashboard/_components/QuizBlockEditor.tsx,backend/src/routes/quiz.ts (leads),POST /api/quizzes/:id/leads (inferred),leads table,lead_submitted (planned dictionary),All plans (leads/month capped by plan),1,000/3,000/Unlimited leads per month by plan,Code verified; live behaviour unverified,Code read only,None found,"Place the lead form anywhere in the flow",High
F019,Editor block,Logic block,Configure a Logic block / Skip Logic modal on a question,Some questions are skipped based on earlier answers,Shorter, more relevant quizzes; higher completion,Quiz editor > question > Skip Logic,frontend/app/dashboard/_components/QuizBlockEditor.tsx (SkipLogicModal),backend/src/services/skipLogic.ts,POST /api/quizzes/:id/validate-conditions,quizzes.questions[].show_conditions JSONB,none,Core+ (branchingLogic flag true on core/trial/pro/business; false on free),none,Code verified; live behaviour unverified,Code read only,"AND-only conditions; a condition can only reference an earlier question (structural cycle prevention), not any question","Branching logic that adapts to every answer",High
F020,Editor block,Outcome block,Add an Outcome block mapped to a score range,Sees a personalised result screen,Delivers the payoff of the quiz and the call to action,Quiz editor > block palette,frontend/app/dashboard/_components/QuizBlockEditor.tsx,backend/src/routes/quiz.ts (outcomes),PATCH quiz outcomes,quizzes.outcomes JSONB,outcome_reached (planned dictionary),All plans,none,Code verified; live behaviour unverified,Code read only,"Tie handling between equal-scoring outcomes and a documented default outcome were not confirmed","Personalised outcomes with images, CTAs and booking links",High
F021,Logic,Score-range and threshold outcome routing,Set score ranges per outcome,Sees the outcome matching their total score,Turns raw answers into a decision-ready result,Quiz editor > Outcome block,frontend/app/dashboard/_components/QuizBlockEditor.tsx,backend/src/routes/quiz.ts,n/a,quizzes.outcomes JSONB,none,All plans,none,Verified in staging and code,Demonstrated live on the marketing homepage's own product preview,None found,"Score-based outcome routing",High
F022,Logic,Weighted scoring,Set a score weight on slider/rating questions,Their answer contributes proportionally to the total score,More accurate qualification than equal-weight answers,Quiz editor > question settings,frontend/app/dashboard/_components/QuizBlockEditor.tsx,backend/src/services/questionTypes.ts (calculateQuestionScore),n/a,quizzes.questions[].score_weight,none,All plans,none,Code verified; live behaviour unverified,Code read only,None found,"Weighted scoring",Medium
F023,AI,Website business-profile analysis,Submit a URL,None (owner-side),Saves the owner from writing a business description from scratch,New quiz modal (from-URL path),n/a,backend/src/services/claudeService.ts (analyzeBusinessProfile),POST /api/quizzes/from-url,n/a (transient),site_analysis_succeeded (planned dictionary),All plans (rate-limited),10/25/50 per day by plan,Verified in staging and code,Exercised live in an earlier stage of this engagement,Scraper's NOT_SQUARESPACE error implies today's source-site support is tuned to Squarespace,"Squarespell reads your website before it drafts a quiz",High
F024,AI,Tailored quiz generation,Confirm goal and (optional) template/topic,None (owner-side),Produces a first full draft in minutes, not from a blank page,New quiz modal (from-URL path),frontend/app/dashboard/quizzes/_components/NewQuizModal.tsx,backend/src/services/claudeService.ts (generateTailoredQuiz),POST /api/quizzes/from-url,quizzes table,draft_generation_succeeded (planned dictionary),All plans (rate-limited),10/25/50 per day by plan,Verified in staging and code,Exercised live in an earlier stage of this engagement,No auto-publish; owner must review and approve every draft,"An editable first draft from your own website",High
F025,AI,Daily AI generation rate limit,n/a (system-enforced),n/a,Protects AI cost per plan tier,n/a,n/a,backend/src/routes/quizzesFromUrl.ts (getDailyAllowance),POST /api/quizzes/from-url (429 response),n/a,none,10 (free-equivalent) / 25 (core) / 50 (pro/business) per day,Verified in code,Code read only,None found,(internal control, not a marketing feature),Low
F026,Publishing,Public hosted quiz link,Click Share / copy link,Opens the quiz as a standalone page,Works on any platform with zero setup,Dashboard > quiz > Share,n/a,backend/src/routes/quiz.ts,GET /api/quiz/:slug (public),quizzes table (slug),experience_viewed (planned dictionary),All plans,none,Verified in staging and code,Confirmed live in an earlier engagement stage (public quiz link tested),None found,"Share a public link to any quiz, no embedding required",Medium
F027,Publishing,Iframe embed,Copy the iframe snippet,Sees the quiz inside an iframe on the owner's page,Works on platforms without script support,Dashboard > Manual embed,frontend/app/dashboard/embed,backend/src/routes/quiz.ts,GET /embed/:slug,quizzes table,embed_views (planned dictionary),All plans,none,Verified in staging and code,Confirmed live in an earlier engagement stage,None found,"Iframe embed for any website",Medium
F028,Publishing,Script/loader embed (inline, popup, floating tab),Copy the script snippet and choose a placement,Sees the quiz inline, in a popup, or via a floating tab,The guaranteed baseline install method for every platform,Dashboard > Manual embed / Connect,frontend/app/embed/[slug]/EmbedQuizClient.tsx; frontend/app/connect/loader.js,backend/src/routes/connect.ts (loader-served installations); public embed loader route,GET /connect/loader.js; GET /embed.js,quiz_installations table (for Connect-managed placements),install_verified (Connect only),All plans,none,Verified in staging and code,Personally exercised in an earlier engagement stage (all three placements published and verified on staging),None found,"Inline, popup or floating-tab placement",High
F029,Connect,Connect wizard - choose platform,Click Connect website,None (owner-side),Starts the guided installation for the owner's real platform,Dashboard > Sites > Connect website,frontend/app/dashboard/sites/_components/ConnectWizard.tsx,backend/src/routes/connect.ts,POST /api/connect/sites,connected_sites table,site_connect_started (planned dictionary),All plans,1-3 connected sites depending on future plan tier (Phase 2 hypothesis; not yet plan-gated in shipped code),Verified in staging and code,Personally exercised on staging in an earlier engagement stage,Only Squarespace and universal HTML are real options today; other platform tiles are shown as Planned,"Connect your website once",High
F030,Connect,Squarespace guided loader installation,Paste the generated snippet into a Code Block or Code Injection,None (owner-side),The one unavoidable manual step for Squarespace, honestly labelled,Connect wizard > Squarespace,frontend/app/dashboard/sites/_components/ConnectWizard.tsx,backend/src/services/connect/service.ts,POST /api/connect/sites,connected_sites table,install_pending (planned dictionary),All plans,none,Verified in staging and code,Personally exercised on staging in an earlier engagement stage,Squarespace's own APIs do not allow automatic page insertion; this is a platform limit, not a product gap,"Guided one-time installation for Squarespace",High
F031,Connect,Live installation verification,Click Verify / automatic check,None (owner-side),Confirms the loader is actually live before the owner trusts it,Connect wizard > Verify,frontend/app/dashboard/sites/_components/ConnectWizard.tsx,backend/src/services/connect/verify.ts,POST /api/connect/sites/:id/verify,verification_checks table,install_verified,All plans,none,Verified in staging and code,Personally exercised on staging in an earlier engagement stage,None found,"We confirm your installation is live",High
F032,Connect,Publish a quiz via Connect (inline/popup/floating tab),Choose quiz, placement and pages, click Publish,Sees the quiz appear on the connected site without a new code paste,The one-button promise for already-connected sites,Dashboard > Sites > Publish a quiz,frontend/app/dashboard/sites/_components/PublishFlow.tsx,backend/src/services/connect/service.ts,POST /api/connect/sites/:id/installations,quiz_installations table; manifest_versions table,experience_published,All plans,10 connected-site installations (Phase 2 hypothesis; not confirmed as a shipped hard limit),Verified in staging and code,Personally exercised on staging in an earlier engagement stage (all three placement types published),None found,"Publish without pasting code every time",High
F033,Connect,Update / move / pause / resume / remove an installation,Use the installation's controls in Site details,Sees the change reflected without any new paste,Ongoing management without developer help,Dashboard > Sites > site detail drawer,frontend/app/dashboard/sites/_components/SiteDetail.tsx,backend/src/services/connect/service.ts,PATCH/POST/DELETE /api/connect/installations/:id,quiz_installations table; installation_events table,install_verified / install_lost,All plans,none,Verified in staging and code,Personally exercised on staging in an earlier engagement stage (update, move, pause, resume, remove all tested),None found,"Update, pause or remove a live quiz in one click",High
F034,Connect,Manifest versioning and rollback on failure,n/a (automatic on a failed publish),Visitors never see a half-published state,Protects the live site from a broken publish,n/a (system behaviour),n/a,backend/src/services/connect/service.ts,manifest_versions table,rollback (planned dictionary),All plans,none,Verified in staging and code,Personally exercised on staging (simulated failure, previous manifest version confirmed unchanged),None found,"A failed update never breaks your live site",Medium
F035,Connect,Connected-site health and activity history,View Site details,None (owner-side),Full audit trail of what changed and when,Dashboard > Sites > site detail drawer,frontend/app/dashboard/sites/_components/SiteDetail.tsx,backend/src/services/connect/service.ts,GET /api/connect/sites/:id,installation_events table,none,All plans,none,Verified in staging and code,Personally exercised on staging in an earlier engagement stage,None found,"Full activity history for every connected site",Medium
F036,Connect,Needs-attention recovery,See a Needs attention banner, click Check again,None (owner-side),Tells the owner exactly what broke and how to fix it,Dashboard > Sites,frontend/app/dashboard/sites/_components/SiteDetail.tsx,backend/src/services/connect/verify.ts,POST /api/connect/sites/:id/verify,connected_sites.state,none,All plans,none,Verified in staging and code,Personally exercised on staging in an earlier engagement stage,None found,"Clear recovery steps if a connection breaks",Medium
F037,Publishing,Manual embed fallback (always available),Copy the manual embed snippet instead of using Connect,Same rendered quiz as the Connect-managed version,A safety net that never depends on Connect working,Dashboard > Manual embed,frontend/app/dashboard/embed,backend/src/routes/quiz.ts,GET /embed.js; GET /embed/:slug,quizzes table,none,All plans,none,Verified in staging and code,Confirmed live in an earlier engagement stage,None found,"Manual embed always works as a fallback",Medium
F038,Platform,Universal / custom HTML support,Paste the universal snippet,Sees the quiz on any website that accepts a script or iframe,Works today on every platform, including ones with no dedicated connector,n/a,n/a,backend/src/routes/connect.ts,connected_sites table (platform = html),none,All plans,none,Verified in staging and code,Personally exercised on staging (fixture site) in an earlier engagement stage,None found,"Works on any website today",High
F039,Platform,Squarespace connector,See F029-F036,See F029-F036,See F029-F036,See F029-F036,See F029-F036,See F029-F036,See F029-F036,See F029-F036,See F029-F036,All plans,none,Verified in staging and code,See F029-F036,Squarespace's own APIs block automatic insertion,"Guided Squarespace support today",High
F040,Platform,WordPress connector,n/a (not built),n/a,n/a,Roadmap only,n/a,n/a,n/a,n/a,n/a,n/a,n/a,Planned,Not applicable,docs/relaunch/SQUARESPELL_PHASE_2_PILOT_SPEC.md section 6.3,Do not advertise as available,"WordPress support is coming",Low
F041,Platform,Shopify connector,n/a (not built),n/a,n/a,Roadmap only,n/a,n/a,n/a,n/a,n/a,n/a,n/a,Planned,Not applicable,docs/relaunch/SQUARESPELL_PHASE_2_PILOT_SPEC.md section 6.4,"Apps cannot add theme blocks automatically even once built, a permanent limit","Shopify support is coming",Low
F042,Platform,Wix connector,n/a (not built),n/a,n/a,Roadmap only,n/a,n/a,n/a,n/a,n/a,n/a,n/a,Planned,Not applicable,docs/relaunch/SQUARESPELL_PHASE_2_PILOT_SPEC.md section 6.5,Not advertised until reviewed,"Wix support is coming",Low
F043,Platform,Webflow connector,n/a (not built),n/a,n/a,Roadmap only,n/a,n/a,n/a,n/a,n/a,n/a,n/a,Planned,Not applicable,docs/relaunch/SQUARESPELL_PHASE_2_PILOT_SPEC.md section 6.5,Not advertised until reviewed,"Webflow support is coming",Low
F044,Platform,Framer connector,n/a (not built),n/a,n/a,Roadmap only,n/a,n/a,n/a,n/a,n/a,n/a,n/a,Planned,Not applicable,docs/relaunch/SQUARESPELL_PHASE_2_PILOT_SPEC.md section 6.5,Not advertised until reviewed,"Framer support is coming",Low
F045,Lead generation,Lead form with consent,Fill in name/email/consent on the Lead gate block,Provides contact details to see or unlock a result,The core lead-capture mechanism of the product,Public quiz > Lead gate,frontend public quiz renderer,backend/src/routes/quiz.ts (leads),POST /api/quizzes/:id/leads (inferred),leads table,lead_submitted; consent_recorded (planned dictionary),All plans (leads/month capped),1,000/3,000/Unlimited by plan,Code verified; live behaviour unverified,Code read only,Field-level required/optional configuration not individually confirmed,"Capture leads with consent built in",High
F046,Lead generation,Lead scoring,n/a (automatic from quiz answers),n/a,Prioritises which leads are worth calling first,Dashboard > Leads,frontend/app/dashboard/leads,backend/src/services/leadScoring.ts,GET /api/leads,leads table (score column, inferred),none,All plans,none,Code verified; live behaviour unverified,Code read only,None found,"Every lead arrives pre-scored",Medium
F047,Lead generation,Lead insights,n/a (automatic),n/a,Surfaces which questions and outcomes produce the best leads,Dashboard > Leads / Analytics,frontend/app/dashboard/analytics,backend/src/services/leadInsights.ts,GET /api/leads/insights (inferred),leads table,recommendation_shown (planned dictionary),Advanced-analytics plans (Pro+),none,Code implemented but not exposed to this review,Code read only,Not personally viewed this pass,"See which questions produce the best leads",Medium
F048,Lead management,Lead list with CSV export,View and export leads,None (owner-side),Owns and can act on every lead outside the app,Dashboard > Leads,frontend/app/dashboard/leads,backend/src/routes/quiz.ts,GET /api/leads; GET /api/leads/export,leads table,none,All plans,leads/month capped by plan,Code verified; live behaviour unverified,Code read only,None found,"CSV export on every paid plan",High
F049,Lead management,Live lead feed,View the dashboard overview,None (owner-side),Real-time visibility into new leads as they arrive,Dashboard overview,frontend/app/dashboard/_components/LiveLeadFeed.tsx,backend/src/routes/quiz.ts,GET /api/leads (polled or websocket, not confirmed),leads table,none,All plans,none,Code implemented but not exposed to this review,Code read only,Real-time mechanism (poll vs push) not confirmed,"See new leads as they arrive",Medium
F050,Lead generation,Outbound lead webhook,Configure a webhook URL,None (owner-side),Sends every lead straight into the owner's own systems,Dashboard > Integrations > Webhooks,frontend/app/dashboard/integrations,backend/src/services/webhookDelivery.ts; backend/src/utils/urlValidator.ts,POST /api/integrations/webhooks (inferred),webhook_deliveries table,none,Pro+ (webhook flag),none,Code verified; live behaviour unverified,Code read only,SSRF-checked before delivery (urlValidator.ts),"Send every lead to your own systems via webhook",Medium
F051,Integration,Mailchimp integration,Connect a Mailchimp account,None (owner-side),Adds every lead to an existing email list automatically,Dashboard > Integrations,frontend/app/dashboard/integrations,backend/src/services/integrations/mailchimp.ts,POST /api/integrations/mailchimp (inferred),integration_errors table (failure log),none,Pro+ (integrations flag),none,Code verified; live behaviour unverified,Code read only,None found,"Mailchimp integration",Medium
F052,Integration,Klaviyo integration,Connect a Klaviyo account,None (owner-side),Adds every lead to an existing email list automatically,Dashboard > Integrations,frontend/app/dashboard/integrations,backend/src/services/integrations/klaviyo.ts,POST /api/integrations/klaviyo (inferred),integration_errors table,none,Pro+,none,Code verified; live behaviour unverified,Code read only,None found,"Klaviyo integration",Medium
F053,Integration,ConvertKit integration,Connect a ConvertKit account,None (owner-side),Adds every lead to an existing email list automatically,Dashboard > Integrations,frontend/app/dashboard/integrations,backend/src/services/integrations/convertkit.ts,POST /api/integrations/convertkit (inferred),integration_errors table,none,Pro+,none,Code verified; live behaviour unverified,Code read only,None found,"ConvertKit integration",Medium
F054,Integration,HubSpot integration,Connect a HubSpot account,None (owner-side),Feeds leads into an existing CRM,Dashboard > Integrations,frontend/app/dashboard/integrations,backend/src/services/integrations/hubspot.ts,POST /api/integrations/hubspot (inferred),integration_errors table,none,Pro+,none,Code verified; live behaviour unverified,Code read only,None found,"HubSpot integration",Medium
F055,Integration,Google Sheets integration,Connect a Google Sheet,None (owner-side),Leads flow into a spreadsheet the owner already uses,Dashboard > Integrations,frontend/app/dashboard/integrations,backend/src/services/integrations/googleSheets.ts,POST /api/integrations/google-sheets (inferred),integration_errors table,none,Pro+,none,Code verified; live behaviour unverified,Code read only,None found,"Google Sheets integration",Medium
F056,Integration,ActiveCampaign integration,Connect an ActiveCampaign account,None (owner-side),Feeds leads into an existing marketing-automation tool,Dashboard > Integrations,frontend/app/dashboard/integrations,backend/src/services/integrations/activecampaign.ts,n/a (route not confirmed),integration_errors table,none,Pro+ (inferred),none,Code implemented but not exposed to this review,Code read only,Referenced in code but not confirmed on the pricing page's named integration list,(not on the current public integrations list),Low
F057,Integration,Acuity Scheduling integration,Connect an Acuity account,None (owner-side),Routes qualified leads straight to a booking calendar,Dashboard > Integrations,frontend/app/dashboard/integrations,backend/src/services/integrations/acuity.ts,n/a (route not confirmed),integration_errors table,none,Pro+ (inferred),none,Code implemented but not exposed to this review,Code read only,Not confirmed on the current public integrations list,(not on the current public integrations list),Low
F058,Integration,Calendly integration,Connect a Calendly account,None (owner-side),Routes qualified leads straight to a booking calendar,Dashboard > Integrations,frontend/app/dashboard/integrations,backend/src/services/integrations/calendly.ts,n/a (route not confirmed),integration_errors table,none,Pro+ (inferred),none,Code implemented but not exposed to this review,Code read only,Not confirmed on the current public integrations list,(not on the current public integrations list),Low
F059,Integration,Zapier integration,n/a,n/a,n/a,Dashboard > Integrations (tile shown),frontend/app/dashboard/integrations,backend/src/routes/zapier.ts,none (route file exists but not mounted in app.ts),n/a,none,Pro+ flag is on in PLAN_LIMITS,none,UI present but backend incomplete,"Confirmed on current main: backend/src/app.ts does not import zapier.ts",Route file exists and is complete but is never reachable in the running server,Do not claim Zapier is available,Low
F060,Integration,API key access for customers,n/a,n/a,n/a,Dashboard > Integrations > API keys (tile shown),frontend/app/dashboard/integrations/api-keys,backend/src/routes/apiKeys.ts,none (route file exists but not mounted in app.ts),api_keys table (schema likely exists, migration 021),none,Pro+ flag,none,UI present but backend incomplete,Confirmed on current main: backend/src/app.ts does not import apiKeys.ts,Route file exists and is complete but is never reachable in the running server,Do not claim API access is available,Low
F061,Analytics,Per-question drop-off funnel,View Analytics on a quiz,None (owner-side),Shows exactly where visitors abandon the quiz,Dashboard > Analytics > quiz,frontend/app/dashboard/analytics,backend/src/services/questionAnalytics.ts,GET /api/analytics/:quizId/dropoff (inferred),quiz_question_events table,question_answered; experience_abandoned (derived),Pro+ (per-question drop-off flag),none,Verified in code and demonstrated live on the marketing homepage's own product preview,Homepage shows a live example (Completion 68%, Lead rate 41%),None found,"See exactly where visitors drop off",High
F062,Analytics,Device and time-on-question tracking,n/a (automatic),n/a,Explains whether drop-off is a mobile-specific problem,n/a,n/a,backend/src/services/questionAnalytics.ts,quiz_question_events (device_type, time_spent_ms columns),question_answered,Pro+,none,Code verified; live behaviour unverified,Code read only,None found,"Device-level analytics",Medium
F063,Analytics,A/B testing,Create a test variant of a quiz,Sees one of two variants at random,Lets the owner improve conversion with evidence,Dashboard > quiz > A/B test,frontend (not individually located this pass),backend/src/services/abTesting.ts,n/a (route not confirmed),ab_tests table (migration 015),none,Pro+ (abTesting flag),none,Code implemented but not exposed to this review,Code read only,Not personally exercised,"A/B test any quiz",Medium
F064,Analytics,Advanced analytics rollup,View account-wide analytics,None (owner-side),One view across every quiz instead of quiz-by-quiz,Dashboard > Analytics,frontend/app/dashboard/analytics,backend migration 012_analytics_rollup.sql,n/a (route not confirmed),analytics_rollup table (inferred name),none,Pro+,none,Code implemented but not exposed to this review,Code read only,Not personally exercised,"Account-wide analytics rollup",Medium
F065,Editor,Undo and redo (up to 50 steps),Press undo/redo in the editor,None (owner-side),Removes fear of losing editor work,Quiz editor,frontend/app/dashboard/_components/QuizBlockEditor.tsx,n/a (client-side state),n/a,n/a,none,All plans,50-step history stated on the homepage,Verified in code and stated live on the marketing homepage,Homepage states the exact figure as a repository-derived count,None found,"Undo and redo up to 50 steps",Low
F066,Editor,Quiz archive / trash,Move a quiz to Trash,None (owner-side),Recoverable deletion instead of permanent loss,Dashboard > Trash,frontend/app/dashboard/trash,backend/src/routes/quiz.ts (status field, inferred),PATCH /api/quizzes/:id (status=archived, inferred),quizzes.status column,none,All plans,none,Code implemented but not exposed to this review,Code read only,Not personally exercised,"Archive instead of delete",Low
F067,Branding,Remove Squarespell Quiz branding,Toggle branding off (Core+),Does not see a "Made with Squarespell Quiz" badge,Cleaner, more professional embed for paying customers,Dashboard > Brand kit / quiz settings,frontend/app/dashboard/brand-kit,backend/migrations/009_branding_toggle.sql,PATCH /api/quizzes/:id (branding, inferred),quizzes.branding JSONB,none,Core+ (removeBranding flag),none,Code verified; live behaviour unverified,Code read only,"Phase 1 finding F14: a plan-table disagreement on trial.removeBranding was recorded, not re-verified this pass","Remove Squarespell Quiz branding on every paid plan",Medium
F068,Branding,White-label branding,Replace all Squarespell branding with the owner's own,Sees only the owner's brand, nowhere Squarespell's,Lets agencies present the product as their own,Dashboard > Brand kit,frontend/app/dashboard/brand-kit,backend/migrations/025_white_label.sql,PATCH /api/quizzes/:id,quizzes.branding JSONB,none,Business only (whiteLabel flag),none,Code verified; live behaviour unverified,Code read only,None found,"Full white-label on Business",Medium
F069,Branding,Custom CSS,Write custom CSS for a quiz,Sees fully custom-styled quiz,Full design control for advanced customers,Dashboard > quiz > Custom CSS,frontend (extendedFeatures consumer),backend/src/services/customCss.ts,GET/POST /api/quizzes/:id/custom-css,custom_css table (inferred),none,Pro+ (custom CSS on pricing page),none,Verified in code (route confirmed in extendedFeatures.ts),Code read only,None found,"Custom CSS for full design control",Low
F070,Branding,Custom domain for quizzes,Point a custom domain at the quiz,Sees the quiz on the owner's own domain, not squarespellquiz.com,Fully branded visitor experience,Dashboard > Settings > Custom domain,frontend/app/dashboard/settings,backend (customDomain flag in PLAN_LIMITS),n/a (route not confirmed this pass),n/a,none,Business only,none,Code implemented but not exposed to this review,Code read only,Not personally exercised,"Custom domain on Business",Low
F071,Quiz management,Team seats,Invite a team member,None (owner-side),Lets more than one person manage the account,Dashboard > Team,frontend/app/dashboard/team,backend/migrations/018_team_access.sql; backend/src/services/teamService.ts,POST /api/team/invite (inferred),team_access table (inferred),none,Business only (3 included; paid add-on seats beyond),none,Code implemented but not exposed to this review,Code read only,Not a client-management layer; same-account collaborators only,"Team seats on Business",Medium
F072,Quiz management,Segmentation and tags,Tag leads or quizzes into segments,None (owner-side),Groups leads for targeted follow-up,Dashboard > Segmentation,frontend/app/dashboard/segmentation,backend/src/services/segmentation.ts; backend/src/routes/segmentation.ts,GET/POST /api/segmentation,segments table (migration 026, inferred),none,Pro+ (inferred),none,Code implemented but not exposed to this review,Code read only,Not personally exercised,"Segment leads automatically",Medium
F073,Quiz management,Email sequences (automated follow-up),Configure a sequence tied to an outcome,Receives an automated follow-up email,Nurtures leads without manual work,Dashboard > Emails,frontend/app/dashboard/emails,backend/src/services/emailSequence.ts,POST /api/email-sequences (inferred),email_sequence_queue table,none,Pro+ (emailSequences flag),3,000 emails/month on Pro; Unlimited on Business,Disabled by configuration,docs/relaunch/SQUARESPELL_PHASE_1_RESULTS.md section 4.2: no scheduled Render cron exists in the live account to drain this queue reliably,"The only scheduled drain is an in-process 5-minute timer that runs only while the free Render instance is awake",Do not claim scheduled emails reliably send today,Medium
F074,Quiz management,Automation rules,Configure an automation rule,None (owner-side),Triggers actions (tags, notifications, etc.) on quiz events,Dashboard > Automations,frontend/app/dashboard/automations,backend/src/services/automationEngine.ts,POST /api/automations (inferred),n/a,none,Pro+ (inferred),none,Code implemented but not exposed to this review,Code read only,Not personally exercised,"Automation rules",Low
F075,Plans,Free tier,n/a,n/a,n/a,n/a (not sold as a self-serve plan today),n/a,backend/src/middleware/planGuard.ts,n/a,users.plan column,none,n/a,0 quizzes; 0 leads,Code verified; not sold as a live plan on the pricing page,Live pricing page shows only Core/Pro/Business plus a 14-day Pro trial,Free plan exists in code but is not the sign-up default shown publicly,Do not advertise a self-serve free plan,Low
F076,Plans,Core plan,Subscribe to Core,n/a,Entry-level paid plan with branching and scoring,Dashboard > Billing / public Pricing page,frontend/app/pricing,backend/src/middleware/planGuard.ts,n/a,users.plan column,none,n/a,5 quizzes; 1,000 leads/month; 1,000 emails/month,Verified live and in code,Fetched live from staging pricing page 22 Sep 2026; matches PLAN_LIMITS.core exactly,None found,"Core: $12/mo or $9/mo billed yearly",High
F077,Plans,Pro plan,Subscribe to Pro,n/a,Most-popular tier: unlimited quizzes, integrations, A/B testing,Dashboard > Billing / public Pricing page,frontend/app/pricing,backend/src/middleware/planGuard.ts,n/a,users.plan column,none,n/a,Unlimited quizzes; 3,000 leads/month; 3,000 emails/month,Verified live and in code,Fetched live from staging pricing page 22 Sep 2026; matches PLAN_LIMITS.pro exactly,None found,"Pro: $19/mo or $16/mo billed yearly",High
F078,Plans,Business plan,Subscribe to Business,n/a,Top tier: unlimited everything, white-label, team seats, API access,Dashboard > Billing / public Pricing page,frontend/app/pricing,backend/src/middleware/planGuard.ts,n/a,users.plan column,none,n/a,Unlimited quizzes; Unlimited leads; Unlimited emails,Verified live and in code,Fetched live from staging pricing page 22 Sep 2026; matches PLAN_LIMITS.business exactly,None found,"Business: $35/mo or $29/mo billed yearly",High
F079,Plans,14-day Pro trial (no card),Start a trial from sign-up,n/a,Removes the barrier of a card at sign-up,Sign-up page / homepage / pricing page,frontend sign-up flow,backend/src/middleware/planGuard.ts (TRIAL_DAYS=14),n/a,users.trial fields (inferred),none,n/a,3,000 leads/3,000 emails during trial (trial tier limits),Verified live and in code,Confirmed live on staging sign-up, homepage and pricing pages,None found,"14 days of Pro, no credit card required",High
F080,Plans,Lead add-on capacity packs,Buy +500/+1,500/+3,000 leads per month,n/a,Extra headroom without a full plan upgrade,Public Pricing page,frontend/app/pricing,n/a (billing route not confirmed this pass),n/a,none,Core and Pro only,+500 $3/mo; +1,500 $7/mo; +3,000 $12/mo,Verified live,Fetched live from staging pricing page 22 Sep 2026,"This is already live, not the future hypothesis described in the Phase 2 planning document","Add lead capacity without upgrading your plan",Medium
F081,Plans,Email add-on capacity packs,Buy +1,000/+5,000/+10,000 emails per month,n/a,Extra headroom without a full plan upgrade,Public Pricing page,frontend/app/pricing,n/a (billing route not confirmed this pass),n/a,none,Core and Pro only,+1,000 $3/mo; +5,000 $7/mo; +10,000 $12/mo,Verified live,Fetched live from staging pricing page 22 Sep 2026,Already live today,"Add email capacity without upgrading your plan",Medium
F082,Plans,Legacy entitlement (grandfathered access),n/a (system-managed),n/a,Honours pre-Stripe paid access without breaking billing logic,n/a,n/a,backend/migrations/032_legacy_entitlements.sql,legacy_entitlements table; legacy_entitlement_audit table,none,n/a,1 active entitlement in production (confirmed),Verified in production data (read-only) and code,Confirmed live count matches docs/relaunch/LEGACY_ENTITLEMENTS.md,Business-level only; idempotent; never re-grants a revoked entitlement,(internal policy, not a marketing feature),Low
F083,Support,Email support,Contact support,n/a,Standard customer support,Dashboard > Support,frontend/app/support,n/a,n/a,none,All paid plans,none,Verified live (pricing page lists it per plan),Fetched live from staging pricing page,None found,"Email support on every paid plan",Low
F084,Support,Priority email support,Contact support,n/a,Faster response for higher-tier customers,Dashboard > Support,frontend/app/support,n/a,n/a,none,Pro+,none,Verified live (pricing page lists it per plan),Fetched live from staging pricing page,None found,"Priority email support on Pro and Business",Low
F085,Support,Dedicated onboarding call,Book the included onboarding call,n/a,Human help getting the first quiz live,Post-signup (Business plan),n/a,n/a,n/a,none,Business,1 call,Verified live (pricing page lists it),Fetched live from staging pricing page,None found,"Dedicated onboarding call on Business",Low
F086,Support,Founding Partner offer (approved, not yet sent),n/a,n/a,A ready, priced human-services offer for the first paid pilot customers,n/a (not yet public),n/a,n/a,n/a,none,Growth-level access,First 10 accepted partners only,Documented only (approved wording; outreach not authorized),docs/relaunch/SQUARESPELL_PHASE_2_PILOT_SPEC.md section 11.3,Refund/tax/cancellation wording still needs legal review before publication,Do not publish until Hussnain authorizes outreach,Medium
F087,Templates,Template catalogue (16 templates),Browse Templates,Sees a quiz built from a real, working template,Faster start, proven structure per vertical,Dashboard > Templates / public /templates page,frontend/app/dashboard/templates; frontend/app/templates,backend/src/config/quizTemplates.ts,GET /api/templates (inferred),n/a (static config, not DB-driven per template),none,All plans,none,Verified live (count confirmed on homepage twice) and in code,Homepage states "16 real templates" / "16 editable industry templates",Only 2 of 16 templates fit the approved primary segment (consultants/agencies) without adaptation,"16 ready-to-edit templates across real verticals",Medium
F088,Templates,Saved custom templates,Save a quiz as a reusable template,None (owner-side),Reuse the owner's own best-performing quiz as a starting point,Dashboard > quiz > Save as template,n/a (not individually located this pass),backend/migrations/022_saved_templates.sql,n/a,saved_templates table (inferred),none,Pro+ (inferred),none,Code implemented but not exposed to this review,Code read only,Not personally exercised,"Save your own quiz as a template",Low
F089,Content,Existing quiz-related squarespell.com content (29 pages catalogued),n/a,n/a,Protects existing search traffic and backlinks during the relaunch,squarespell.com (unchanged),n/a,n/a,n/a,none,n/a,29 URLs catalogued,Documented only (Phase 0 inventory, cross-checked, unchanged this pass),docs/relaunch/SQUARESPELL_QUIZ_CONTENT_INVENTORY.csv,Several pages publish outdated pricing and unsupported generation/installation-time claims,Do not migrate or redirect until Hussnain approves,High
F090,Content,Lifetime plugin listing (protected, unrelated to SaaS),n/a,n/a,Continues to serve existing one-time-purchase customers,squarespell.com (unchanged),n/a,n/a,n/a,none,n/a,n/a,Verified unchanged (Phase 0 policy, reconfirmed this pass),docs/relaunch/SQUARESPELL_PHASE_0_RESULTS.md section 1; content inventory CSV,Must never be edited, redirected or unpublished as part of this work,Never present the lifetime plugin as the same product as the SaaS,High
